epoch,step,test_acc,test_loss
0,0,0.5529999732971191,1.485805630683899
